1,2,3,4,5,6,7,8,9,10,11,12,13,14,15,16,17,18,19,20,21,22,23,24,25,26,27,28,29,30,31,32,33,34,35,36,37,38,39,40,41,42,43,44,45,46,47,48,49,50,51,52,53,54,55,56,57,58,59,60,61,62,63,64,65,66
BMTCB,CLPRB,CLTCB,CLTCV,CLCCB,CLCCV,CLACB,CLACV,CLEIB,CLEIV,CLICB,CLICV,CLRCB,ELEXV,ELIMB,ELIMV,ESACB,ESACV,ESCCB,ESCCV,ESICB,ESICV,ESRCV,ESTCB,ESTCV,GDPRV,GETCB,GECCB,GEICB,GERCB,HYCCB,HYICB,HYTCB,LOTCB,NGACB,NGACV,NGCCB,NGCCV,NGICB,NGICV,NGMPB,NGRCB,NGRCV,NGTCB,NGTCV,NNACB,NNCCB,NNICB,PAACB,PAACV,PACCB,PACCV,PAICB,PAICV,PARCB,PATCB,PATCV,SOEGB,SOTCB,TPOPP,WWCCB,WWTCB,WWTCV,WYTCB,NUETB,NUETV
-1.655625502,-0.382847038,-1.908937563,-1.604302225,-0.478116694,-0.503743002,5.38173983,-0.35060889,-0.828792683,-0.809267592,-1.659896052,-1.630477007,-0.204338756,-0.51682428,-0.807989196,-0.700164351,-1.063195617,-0.841369066,-1.676395164,-1.160075174,-2.356930952,-1.420939183,-1.194815305,-1.944819266,-1.228127621,-1.08839627,-1.339507687,-0.798127027,-0.806062128,-0.832199394,-0.583459521,0.506410378,-1.537148378,-2.040079018,-1.503341683,-0.419843888,-2.714751244,-1.27156904,-1.35535651,-0.978957591,0.73780836,-2.492717872,-1.280726527,-2.49165681,-1.130696931,-1.503341683,-2.714751244,-1.35535651,-1.915735163,-1.036418879,0.717392491,-1.19003392,-1.490580708,-1.343580152,-0.714469783,-2.135621889,-1.082652922,-0.839378539,-0.844864199,-1.652930926,-0.959568897,-1.763614302,-1.065465195,-0.808929181,-1.225631045,-1.084234728
-1.624385742,-0.382847038,-0.282203273,-1.604302225,-0.488098641,-0.503743002,2.109291582,-0.35060889,-0.828792683,-0.809267592,0.499432983,-1.630477007,-0.251805139,-0.51682428,-0.807989196,-0.700164351,-1.066779584,-0.841369066,-1.530011695,-1.160075174,-2.402698993,-1.420939183,-1.194815305,-1.861005666,-1.228127621,-1.08839627,-1.328318361,-0.798127027,-0.806062128,-0.832199394,-0.583459521,0.486100083,-1.773696367,-1.961690699,-1.214385246,-0.419843888,-2.622404327,-1.27156904,-1.313653809,-0.978957591,1.019985955,-2.313135578,-1.280726527,-2.165242266,-1.130696931,-1.214385246,-2.622404327,-1.313653809,-1.804440071,-1.036418879,0.729727481,-1.19003392,-1.567318204,-1.343580152,-0.684219473,-2.042264727,-1.082652922,-0.839378539,-0.844864199,-1.556576025,-0.962769139,-1.723396787,-1.065465195,-0.808929181,-1.225274082,-1.084234728
-1.54916734,-0.382847038,-1.644074531,-1.604302225,-0.485751455,-0.503743002,1.063369022,-0.35060889,-0.828792683,-0.809267592,-1.272193604,-1.630477007,-0.240644979,-0.51682428,-0.807989196,-0.700164351,-1.062946069,-0.841369066,-1.467556565,-1.160075174,-2.482984508,-1.420939183,-1.194815305,-1.819651014,-1.228127621,-1.08839627,-1.327284343,-0.798127027,-0.806062128,-0.832199394,-0.583459521,6.784894162,-1.011751323,-1.927782339,-0.166757917,-0.419843888,-2.349825122,-1.27156904,-1.129897459,-0.978957591,1.078155103,-1.649933291,-1.280726527,-1.888939647,-1.130696931,-0.166757917,-2.349825122,-1.129897459,-1.771499687,-1.036418879,0.507928563,-1.19003392,-1.476299551,-1.343580152,-0.322624422,-2.064605182,-1.082652922,-0.839378539,-0.844864199,-1.468212281,-0.967012789,-1.626561945,-1.065465195,-0.808929181,-1.225087831,-1.084234728
-1.413348265,-0.382847038,-1.192138165,-1.604302225,-0.508559743,-0.503743002,1.188007611,-0.35060889,-0.828792683,-0.809267592,-0.677521742,-1.630477007,-0.356658489,-0.51682428,-0.807989196,-0.700164351,-1.06119883,-0.841369066,-1.424027462,-1.160075174,-2.340076895,-1.420939183,-1.194815305,-1.743966753,-1.228127621,-1.08839627,-1.315092925,-0.798127027,-0.806062128,-0.832199394,-0.583459521,1.128135306,-0.770977682,-1.846959797,-0.625315379,-0.419843888,-2.225477325,-1.27156904,-0.612587428,-0.978957591,1.677897314,-1.410491356,-1.280726527,-1.424459844,-1.130696931,-0.625315379,-2.225477325,-0.612587428,-1.706669712,-1.036418879,0.447296782,-1.19003392,-1.338180155,-1.343580152,-0.065488867,-1.993499173,-1.082652922,-0.839378539,-0.844864199,-1.376621338,-0.969720199,-1.451710868,-1.065465195,-0.808929181,-1.210722485,-1.084234728
-1.293261128,-0.382847038,-0.659641335,-1.604302225,-0.474036585,-0.503743002,1.440924798,-0.35060889,-0.828792683,-0.809267592,0.009532552,-1.630477007,-0.199119679,-0.51682428,-0.807989196,-0.700164351,-1.060687342,-0.841369066,-1.4213756,-1.160075174,-1.899372457,-1.420939183,-1.194815305,-1.621773401,-1.228127621,-1.08839627,-1.308619607,-0.798127027,-0.806062128,-0.832199394,-0.583459521,0.400076819,-1.109179462,-1.715532451,0.185300514,-0.419843888,-1.816803924,-1.27156904,-0.452588284,-0.978957591,1.805951091,-0.529887736,-1.280726527,-0.781004801,-1.130696931,0.185300514,-1.816803924,-0.452588284,-1.601590446,-1.036418879,0.505026868,-1.19003392,-0.931209914,-1.343580152,0.21560271,-1.806480105,-1.082652922,-0.839378539,-0.844864199,-1.302395793,-0.970036042,-1.297112808,-1.065465195,-0.808929181,-1.197155329,-1.084234728
-1.314295755,-0.382847038,0.039335449,-1.604302225,-0.427197809,-0.503743002,1.518682581,-0.35060889,-0.828792683,-0.809267592,0.913988158,-1.630477007,-0.007472308,-0.51682428,-0.807989196,-0.700164351,-1.061134227,-0.841369066,-1.41290424,-1.160075174,-1.609350171,-1.420939183,-1.194815305,-1.528417432,-1.228127621,-1.08839627,-1.311306079,-0.798127027,-0.806062128,-0.832199394,-0.583459521,0.122412417,-0.244418843,-1.602062305,-0.057667446,-0.419843888,-1.282475269,-1.27156904,-0.629590162,-0.978957591,1.779217632,-0.126302153,-1.280726527,-0.794371433,-1.130696931,-0.057667446,-1.282475269,-0.629590162,-1.484052643,-1.036418879,0.436221017,-1.19003392,-0.98429748,-1.343580152,0.300023968,-1.703615223,-1.082652922,-0.839378539,-0.844864199,-1.235700375,-0.975263503,-1.324192415,-1.065465195,-0.808929181,-1.204822039,-1.084234728
-1.243665161,-0.382847038,-0.814419115,-1.604302225,-0.398656615,-0.503743002,0.986135504,-0.35060889,-0.828792683,-0.809267592,-0.2030533,-1.630477007,0.117549259,-0.51682428,-0.807989196,-0.700164351,-1.062394719,-0.841369066,-1.319970083,-1.160075174,-1.329631825,-1.420939183,-1.194815305,-1.3936438,-1.228127621,-1.08839627,-1.311653786,-0.798127027,-0.806062128,-0.832199394,-0.583459521,-0.215825028,-0.695239117,-1.441065379,3.737028691,-0.419843888,-1.104737538,-1.27156904,-0.428867934,-0.978957591,1.992261497,-0.012869847,-1.280726527,-0.233159549,-1.130696931,3.737028691,-1.104737538,-0.428867934,-1.342183124,-1.036418879,0.697664454,-1.19003392,-0.658357217,-1.343580152,-0.620580179,-1.480431524,-1.082652922,-0.839378539,-0.844864199,-1.193746806,-0.977252064,-1.233263837,-1.065465195,-0.808929181,-1.213278661,-1.084234728
-1.216779366,-0.382847038,-0.643781215,-1.604302225,-0.40859346,-0.503743002,0.756261269,-0.35060889,-0.828792683,-0.809267592,0.024134155,-1.630477007,0.074021828,-0.51682428,-0.807989196,-0.700164351,-1.064934082,-0.841369066,-1.286284853,-1.160075174,-1.12745623,-1.420939183,-1.194815305,-1.294195205,-1.228127621,-1.08839627,-1.288277381,-0.798127027,-0.806062128,-0.832199394,-0.583459521,-0.215825028,0.237402013,-1.332946422,0.67326133,-0.419843888,-0.77036001,-1.27156904,-0.039392267,-0.978957591,1.930097276,0.433800551,-1.280726527,-0.012682557,-1.130696931,0.67326133,-0.77036001,-0.039392267,-1.220019341,-1.036418879,0.44014784,-1.19003392,-0.997741699,-1.343580152,-0.146627451,-1.426968917,-1.082652922,-0.839378539,-0.844864199,-1.144877813,-0.9713377,-1.19865154,-1.065465195,-0.808929181,-1.183246259,-1.084234728
-1.030728376,-0.382847038,-0.429135943,-1.604302225,-0.441268263,-0.503743002,0.706513372,-0.35060889,-0.828792683,-0.809267592,0.31212372,-1.630477007,-0.087734868,-0.51682428,-0.807989196,-0.700164351,-1.064444482,-0.841369066,-1.181938081,-1.160075174,-0.902997242,-1.420939183,-1.194815305,-1.169160867,-1.228127621,-1.08839627,-1.266814814,-0.798127027,-0.806062128,-0.832199394,-0.583459521,-0.215825028,-0.603571199,-1.192063714,0.248050989,-0.419843888,-0.654429223,-1.27156904,0.188152432,-0.978957591,2.176603529,0.331582766,-1.280726527,0.447082129,-1.130696931,0.248050989,-0.654429223,0.188152432,-1.011040185,-1.036418879,0.664177177,-1.19003392,-0.813347052,-1.343580152,-0.113785269,-1.171368309,-1.082652922,-0.839378539,-0.844864199,-1.111376428,-0.97015793,-0.959132781,-1.065465195,-0.808929181,-1.114796618,-1.084234728
-0.898125515,-0.382847038,-0.217409745,-1.604302225,0.53513828,-0.503743002,0.444518986,-0.35060889,-0.828792683,-0.809267592,0.404881503,-1.630477007,4.018717363,-0.51682428,-0.807989196,-0.700164351,-1.066279903,-0.841369066,-1.146841159,-1.160075174,-0.677505924,-1.420939183,-1.194815305,-1.056899864,-1.228127621,-1.08839627,-1.233886109,-0.798127027,-0.806062128,-0.832199394,-0.583459521,-0.215825028,0.77119533,-1.063948681,0.35636113,-0.419843888,-0.24096728,-1.27156904,0.459551805,-0.978957591,1.905375935,1.095751912,-1.280726527,0.455789872,-1.130696931,0.35636113,-0.24096728,0.459551805,-0.92829179,-1.036418879,0.550376314,-1.19003392,-0.808260902,-1.343580152,0.286171112,-1.080027707,-1.082652922,-0.839378539,-0.844864199,-1.062661112,-0.96708017,-0.7884222,-1.065465195,-0.808929181,-1.048804837,-1.084234728
-0.885126046,-0.382847038,-0.092558182,-1.106011622,0.603035177,-0.100867199,0.397135797,4.827711711,-0.828792683,-0.809267592,0.555604887,-1.073479599,4.304270322,-0.513340468,-0.807989196,-0.700164351,-1.066279903,-0.809062698,-1.054414769,-1.025543797,-0.471323165,-1.204554184,-1.001505592,-0.939308222,-1.056815018,-0.900792125,-1.249749896,-0.798127027,-0.806062128,-0.832199394,-0.583459521,-0.147552941,0.548613239,-0.898069298,0.20994509,-0.419843888,-0.237600372,-1.088868472,0.674791569,-0.868384352,1.697078042,0.797988737,-0.984081203,0.626425758,-0.955061223,0.20994509,-0.237600372,0.674791569,-0.922686978,-0.835522739,1.334411695,-0.862872144,-0.663783057,-1.095829498,0.392081684,-1.004552726,-0.872600426,-0.839378539,-0.844864199,-1.017172993,-0.965033368,-0.771686914,-0.721029098,-0.808929181,-1.00155631,-1.014535801
-0.832288555,-0.382847038,-0.849492514,-1.18380518,-0.509379804,-0.492438076,0.132245178,2.643092782,-0.828792683,-0.809267592,-0.218221015,-1.116862113,-0.413935886,-0.513021031,-0.807989196,-0.700164351,-1.066279903,-0.808263559,-0.985100253,-1.01048872,-0.314658149,-1.185976568,-0.975771891,-0.821518953,-1.037040341,-0.886741708,-1.245776566,-0.798127027,-0.806062128,-0.832199394,-0.583459521,-0.215825028,0.639174823,-0.769131873,0.659561201,-0.419843888,0.477331699,-1.054575265,0.571321882,-0.859644041,1.446435147,2.12659204,-0.925112739,0.706177526,-0.93352328,0.659561201,0.477331699,0.571321882,-0.799518194,-0.821021578,1.61963595,-0.763069005,-0.730115912,-1.062076498,0.700110302,-0.748336929,-0.852145925,-0.839378539,-0.844864199,-0.965086177,-0.962579791,-0.703664861,-0.711858089,-0.808929181,-0.977032849,-1.006836381
-0.645435065,-0.382847038,-1.099272843,-1.171856984,-0.495936277,-0.486210068,-0.032851559,2.131087646,-0.828792683,-0.809267592,-0.544625993,-1.102397239,-0.406721453,-0.51682428,-0.807989196,-0.700164351,-1.008567096,-0.799296798,-0.825750243,-0.983860336,-0.104848198,-1.151349818,-0.94828969,-0.666435482,-1.008516383,-0.865346945,-1.083076708,-0.798127027,-0.806062128,-0.832199394,-0.583459521,-0.215825028,-0.140733502,-0.608204565,0.654469787,-0.419843888,0.265222412,-1.04677336,0.519278885,-0.849854566,0.559189151,2.201693838,-0.905934676,0.833088018,-0.918292869,0.654469787,0.265222412,0.519278885,-0.761895533,-0.815414686,0.672428215,-0.799469238,-0.384618245,-1.049303181,0.198304937,-0.611774367,-0.842866471,-0.839378539,-0.844864199,-0.928276146,-0.96399878,-0.46311298,-0.683062388,-0.808929181,-1.002267013,-1.017620732
-0.590537465,-0.382847038,0.268110685,-0.887725716,-0.547937598,-0.503743002,-0.033346183,2.069952704,-0.828792683,-0.809267592,1.251039713,-0.752855803,-0.536352185,-0.516246894,-0.807989196,-0.700164351,-0.57895296,-0.735307471,-0.763100331,-0.960325553,-0.055624207,-1.11431725,-0.917023212,-0.588706382,-0.979533508,-0.841745863,-0.989991437,-0.798127027,-0.806062128,-0.832199394,-0.583459521,-0.215825028,0.578044037,-0.542112487,0.919866325,-0.419843888,0.292188897,-1.034991291,0.740339631,-0.829135283,0.209561389,1.832428668,-0.89110221,0.336844496,-0.912499167,0.919866325,0.292188897,0.740339631,-0.674939727,-0.781689108,0.885699291,-0.713493219,0.099559934,-0.964258118,0.02201798,-0.085563573,-0.793053636,-0.839378539,-0.844864199,-0.884746014,-0.970394375,-0.392438779,-0.666614838,-0.808929181,-1.038621391,-1.031272382
-0.488487075,-0.382847038,-0.172574661,-0.22476975,-0.52639429,-0.491541437,-0.182521346,2.351746576,-0.828792683,-0.809267592,0.673510857,0.058796238,-0.502851519,-0.51682428,-0.807989196,-0.700164351,-0.722026854,-0.736658106,-0.876605263,-0.916334894,-0.416752969,-0.993278997,-0.847014727,-0.729645806,-0.912713874,-0.817313851,-0.899599481,-0.798127027,-0.806062128,-0.832199394,-0.583459521,-0.215825028,1.386285755,-0.656002913,0.742800756,-0.419843888,0.220704395,-1.000153249,0.695816088,-0.787876319,-0.353410487,1.264035106,-0.844467198,-0.383062055,-0.885535531,0.742800756,0.220704395,0.695816088,-0.817459787,-0.668770391,0.978424322,-0.297639683,-0.093637058,-0.714038707,-0.406522939,-0.376646234,-0.650726314,-0.839378539,-0.844864199,-0.837853756,-0.967709807,-0.26106091,-0.627162058,-0.808929181,-0.956568849,-1.032655813
-0.648914586,-0.382847038,-0.471579333,-0.287912228,-0.547937598,-0.503743002,-0.378323289,0.358174339,-0.828792683,-0.809267592,0.286999168,-0.017393141,-0.536352185,-0.51682428,-0.807989196,-0.700164351,-0.297187105,-0.642943151,-0.478711062,-0.82708485,-0.138102389,-0.875349312,-0.803937378,-0.451493509,-0.835059838,-0.789539693,-0.757281902,-0.798127027,-0.806062128,-0.832199394,-0.583459521,-0.215825028,0.722628159,-0.356154506,1.087328892,-0.419843888,0.501279416,-0.901699898,0.348277788,-0.693954136,-0.698474206,2.153046844,-0.739051756,-0.382457748,-0.79581657,1.087328892,0.501279416,0.348277788,-0.728987091,-0.620706705,-0.007622604,-0.424918877,-0.219577831,-0.708672649,-1.478807285,-0.20725466,-0.586905655,-0.839378539,-0.844864199,-0.781918123,-0.949837828,-0.467592453,-0.648246393,-0.808929181,-0.789833082,-0.934763182
-0.265880316,-0.382847038,0.245247668,0.075439284,-0.547937598,-0.503743002,-0.411444127,0.172859047,-0.828792683,-0.809267592,1.224628868,0.427938383,-0.536352185,-0.51682428,-0.807989196,-0.700164351,-0.186189985,-0.583779547,-0.38321745,-0.775607388,0.138035008,-0.768867533,-0.771604183,-0.327042437,-0.781125549,-0.757788465,-0.6922431,-0.798127027,-0.806062128,-0.832199394,-0.583459521,-0.215825028,-1.016760412,-0.220193296,-0.077358961,-0.419843888,-0.012817112,-0.854491018,0.023588984,-0.633305066,-0.474624066,1.570252239,-0.701917096,-0.673235366,-0.732753193,-0.077358961,-0.012817112,0.023588984,-0.540861383,-0.579349346,-0.064005133,-0.405278263,0.153729402,-0.638113649,-1.447663373,0.23425537,-0.534029928,-0.839378539,-0.844864199,-0.720745823,-0.942796669,0.0255191,-0.58478394,-0.808929181,-0.879452886,-0.927959162
-0.105665148,-0.382847038,0.839701405,0.343642036,-0.547937598,-0.503743002,-0.41523701,0.17094858,-0.828792683,-0.809267592,2.001972731,0.756622987,-0.536352185,-0.51682428,-0.807989196,-0.700164351,-0.407930675,-0.507487131,-0.379098203,-0.677169809,0.302138774,-0.586287342,-0.717033499,-0.28145251,-0.684238418,-0.703769662,-0.694530917,-0.798127027,-0.806062128,-0.832199394,-0.583459521,-0.215825028,-1.920964934,-0.171257687,-0.340829231,-0.419843888,0.165827911,-0.708013776,0.037802932,-0.517946822,-0.773127644,0.581920598,-0.723558495,-0.625191429,-0.637438202,-0.340829231,0.165827911,0.037802932,-0.304610908,-0.523345218,0.287033233,-0.211468554,0.539135747,-0.515064012,-1.339546741,0.851563607,-0.449494167,-0.839378539,-0.844864199,-0.656741735,-0.926532644,0.231777277,-0.545567282,-0.808929181,-0.655941396,-0.830434766
0.077900285,-0.382847038,0.333724687,0.295286657,-0.474287987,-0.446618595,-0.458471938,-0.35060889,-0.828792683,-0.809267592,1.33271599,0.69395131,-0.463656698,-0.51682428,-0.807989196,-0.700164351,-0.458621757,-0.489645779,-0.363478113,-0.630454605,0.355952627,-0.443814673,-0.659462701,-0.218432474,-0.617236163,-0.648132556,-0.808298723,-0.798127027,-0.806062128,-0.832199394,-0.583459521,-0.215825028,0.409452919,-0.058881555,-0.38768626,-0.419843888,0.026483784,-0.67767925,-1.023275194,-0.597791009,-0.782473031,0.520748937,-0.699294227,-1.348244256,-0.66551497,-0.38768626,0.026483784,-1.023275194,-0.030040367,-0.472926036,0.473362342,-0.044180658,0.904551921,-0.40966966,-0.083259567,0.927946521,-0.406238435,-0.839378539,-0.844864199,-0.582429823,-0.912980057,0.468096172,-0.509138572,-0.808929181,-0.679375102,-0.831480978
0.257819655,-0.382847038,0.380909443,0.442524486,-0.474950079,-0.438742709,-0.458471938,-0.35060889,-0.828792683,-0.809267592,1.394785903,0.873840027,-0.476056472,-0.51682428,-0.807989196,-0.700164351,-0.446671361,-0.552012015,-0.311837255,-0.618609451,0.552930611,-0.383312527,-0.626963945,-0.104685586,-0.589647697,-0.596722136,-0.644343716,-0.798127027,-0.806062128,-0.832199394,-0.583459521,-0.215825028,0.071684461,0.027181525,0.425016007,-0.419843888,0.893842434,-0.42754212,-0.951426325,-0.470353476,-1.229081361,1.387462002,-0.485770544,-0.505144802,-0.464032153,0.425016007,0.893842434,-0.951426325,-0.06624916,-0.281623883,0.332041509,0.177937894,2.077016696,0.20830346,0.827693792,1.069394331,-0.170095936,-0.839378539,-0.844864199,-0.517744181,-0.885706092,0.69972119,-0.402736349,-0.808929181,-0.604285154,-0.71462154
-0.912377504,-0.382847038,0.212978758,0.62959975,-0.468286958,-0.423330206,-0.458471938,-0.35060889,-0.828792683,-0.809267592,1.174393442,1.102161045,-0.466386961,-0.501810744,-0.762453833,-0.67682326,-0.536864931,-0.442765513,-0.290749949,-0.407383341,0.362472804,0.017707884,-0.455715203,-0.137828313,-0.360036094,-0.538980902,-0.427682799,-0.798127027,-0.806062128,-0.832199394,-0.583459521,-0.215825028,0.784727765,0.009309324,-0.272526147,-0.419843888,0.859892019,-0.043380683,-1.060823561,-0.319365308,-0.845656673,0.31644492,-0.266097264,-0.536575388,-0.185495334,-0.272526147,0.859892019,-1.060823561,-0.045655478,-0.003313437,1.481765963,1.432893961,1.42179271,0.710969989,-0.64558708,0.64538357,0.132416955,-0.839378539,-0.844864199,-0.434156689,-0.768782777,-0.80676996,-0.449697408,-0.808929181,-0.87581611,-0.812944021
-0.524652689,-0.382847038,1.07046047,1.382139576,-0.506748451,-0.456560386,-0.458471938,-0.35060889,-0.828792683,-0.809267592,2.299890478,2.026769684,-0.506475135,-0.468810509,-0.78847788,-0.688536733,-0.41584502,-0.312888776,-0.144725298,-0.297004711,0.162004466,0.157022895,-0.361501129,-0.091184192,-0.249710422,-0.470546475,-0.310293555,-0.798127027,-0.806062128,-0.832199394,-0.583459521,-0.215825028,-0.322448073,-0.018133912,-0.316264063,-0.419843888,0.357615045,-0.032251224,-1.23613044,-0.266998931,-0.381389507,-0.366047145,-0.286456085,-0.349106512,-0.044242849,-0.316264063,0.357615045,-1.23613044,-0.07812502,0.145955664,3.004140364,3.168873651,-0.305544563,0.705260587,-1.02734159,0.20337566,0.278855068,-0.839378539,-0.844864199,-0.359603353,-0.710207356,-0.348225749,-0.215985285,-0.808929181,-0.995091482,-0.770185573
-0.657204055,-0.382847038,0.440482581,1.078391263,-0.505775546,-0.449738657,-0.458471938,-0.35060889,-0.828792683,-0.809267592,1.476082451,1.654280976,-0.507815811,-0.51682428,-0.805373354,-0.698365674,-0.333057926,-0.029844313,-0.192093686,-0.206041415,-0.031124126,0.345502804,-0.231032069,-0.166072158,-0.126556771,-0.428698446,-0.463776549,-0.798127027,-0.806062128,-0.832199394,-0.583459521,-0.215825028,1.783167395,-0.07256663,-0.868405685,-0.419843888,0.356645928,0.229308149,-1.977443937,-0.227603073,-0.268036179,0.478829481,0.019064268,-0.953821627,0.098805314,-0.868405685,0.356645928,-1.977443937,-0.268472453,0.06910616,1.323149377,1.898246364,-0.382593408,0.572328239,-1.088887596,-0.371604438,0.127898311,-0.839378539,-0.844864199,-0.277528648,-0.761735185,-0.587520347,-0.301181099,-0.808929181,-0.956044058,-0.754848035
-0.179704786,-0.382847038,-2.181046012,-0.267852024,-0.505616311,-0.448145305,-0.458471938,-0.35060889,-0.828792683,-0.809267592,-1.951798716,0.004629443,-0.509714103,-0.505998667,-0.79292302,-0.689783516,-0.356727868,-0.188372548,-0.308870311,-0.271714363,0.042049077,0.258040624,-0.264401258,-0.176626782,-0.184596785,-0.374495364,-0.232375663,-0.798127027,-0.806062128,-0.832199394,-0.583459521,-0.215825028,2.50527763,-0.100958403,-1.5803636,-0.419843888,-0.158870118,0.36204485,-2.123585854,-0.187050064,-0.070349224,-0.221031864,0.190183008,-1.498580271,0.122540032,-1.5803636,-0.158870118,-2.123585854,-0.225698608,-0.076169671,0.57508641,1.052535167,0.92617819,0.474599218,-0.376753438,-0.204008381,-0.031755624,-0.839378539,-0.844864199,-0.194540953,-0.693134793,0.025724627,-0.171913564,-0.808118513,-0.826605834,-0.404373282
0.2023625,-0.382847038,-1.815016229,-0.029073692,0.147226354,0.418529308,-0.458471938,-0.35060889,-0.828792683,-0.809267592,-1.54107486,0.25210796,0.002483705,-0.412138197,-0.749113486,-0.660661357,-0.363866947,-0.172386738,-0.026053868,-0.123269379,0.311549534,0.337917109,-0.225687043,0.056894138,-0.087166623,-0.280642197,0.051334761,-0.798127027,-0.806062128,-0.832199394,-0.583459521,-0.215825028,1.050086165,0.061700563,-1.293616453,-0.419843888,-0.743675963,0.321907183,-1.563899784,-0.038051871,0.336437893,-0.686194813,0.221112023,-1.037918338,0.261571623,-1.293616453,-0.743675963,-1.563899784,-0.028483568,-0.052364713,1.079359008,1.246665262,2.587748731,1.246300902,-0.921508283,0.191513296,0.020622004,-0.818056368,-0.840316866,-0.120105333,-0.613908815,0.539082987,-0.000317187,-0.807035051,-0.22590858,0.689435676
0.229415668,2.75596817,-1.252638179,0.202396564,0.514185512,0.822804595,-0.458471938,-0.35060889,-0.828792683,-0.809267592,-0.848023595,0.509319593,0.453576212,-0.291419529,1.072124096,0.597872048,-0.292438879,-0.000325307,0.047961335,-0.014398391,0.45550621,0.634332161,-0.110770542,0.1368198,0.056140957,-0.210716787,0.328054612,-0.798127027,-0.806062128,-0.832199394,-0.583459521,-0.215825028,-0.123400748,0.16351198,-0.510726951,-0.419843888,-0.427998363,0.353044988,-1.476074912,-0.056807472,0.458576503,0.242251238,0.363203197,-0.421830408,0.311579316,-0.510726951,-0.427998363,-1.476074912,-0.046774212,-0.072205263,-0.453365899,0.386063343,2.045534203,1.083354799,-0.262550687,0.04451302,-0.014844721,-0.796159495,-0.835646968,-0.028404358,-0.572561321,0.613216934,-0.00802244,-0.807491793,0.140427581,1.001578606
-0.61278976,-0.382847038,-1.445126876,0.090391333,-0.547937598,-0.503743002,-0.458471938,-0.35060889,-0.828792683,-0.809267592,-0.985274839,0.446380691,-0.536352185,-0.338041575,0.936472969,0.494523915,-0.294866674,-0.005759754,0.085938836,0.031900517,0.447936627,0.493229584,-0.088239969,0.154642445,0.063101923,-0.145086748,0.495662049,-0.798127027,-0.806062128,-0.832199394,-0.583459521,-0.215825028,0.877820627,0.114746665,-1.04760503,-0.419843888,-0.963045678,0.007336757,-1.520802892,-0.317580149,0.236930584,-0.826466585,0.0190289,-1.531745797,-0.193537581,-1.04760503,-0.963045678,-1.520802892,0.094114565,-0.278405814,0.341206597,0.149542404,1.629219103,0.430602091,-0.85462501,0.155230139,-0.248580957,-0.782334296,-0.832698498,0.0731952,-0.510540084,-0.469626413,-0.314067006,-0.807486245,0.582168253,1.706111898
0.026157555,1.650751547,-1.274581324,0.054573913,-0.536237933,-0.490148011,-0.458471938,-0.35060889,-0.828792683,-0.809267592,-0.763546183,0.401740325,-0.524804062,-0.382689261,2.700169636,1.624925156,-0.30850036,-0.231526033,0.188163062,0.04355746,0.57683564,0.367448666,-0.019149542,0.275562268,0.073357102,-0.057509109,0.578040768,-0.798127027,-0.806062128,-0.832199394,-0.583459521,-0.215825028,-0.865596445,0.199193612,0.598737752,-0.419843888,-0.30233499,0.107203651,-0.605951392,-0.114008722,-0.036482562,-0.259360301,0.16269915,-0.197807365,-0.022329217,0.598737752,-0.30233499,-0.605951392,0.298287716,-0.222616447,0.631569865,0.521598842,1.766606901,0.643301754,-0.130288697,0.37621209,-0.180640882,-0.796815023,-0.835786771,0.176914412,-0.209265966,0.331936682,-0.144985532,-0.806991465,0.842692028,2.169590134
0.272556786,2.004420866,-0.862846126,0.13630704,-0.424344068,-0.370537536,-0.458471938,-0.35060889,-0.828792683,-0.809267592,-0.23720098,0.495571855,-0.421159581,-0.300272281,2.520480986,1.47381123,-0.268335708,-0.135841592,0.286972314,0.125835516,0.628464719,0.447623272,0.142547379,0.403958996,0.185967276,0.036667384,0.472514443,-0.798127027,-0.806062128,-0.832199394,-0.583459521,-0.215825028,-0.999355245,0.336710595,0.674942698,-0.419843888,0.543938648,0.117427901,-1.107914692,-0.156430441,-0.192884676,-0.341668674,0.247502091,-0.637790101,-0.01680578,0.674942698,0.543938648,-1.107914692,0.544641423,-0.17123329,0.425834816,0.313001812,1.68762073,0.331749916,0.252869303,0.702231604,-0.14446223,-0.803151277,-0.83713809,0.282503862,-0.120355765,0.59232549,-0.077652886,-0.808597042,0.907298258,1.966119607
1.75555542,1.429708223,0.230997828,0.598861199,-0.335879658,-0.276875076,-0.458471938,-0.35060889,-0.059662926,-0.062957593,0.403915452,0.771116183,-0.350080208,0.321283013,1.33582652,0.707354757,-0.258225582,-0.216319104,0.393444554,0.241605262,0.680584872,0.641345955,0.278761826,0.461325518,0.323140347,0.122782519,1.156909641,0.319103594,-0.022647828,0.94021835,-0.583459521,-0.215825028,-0.222122214,0.549075216,0.728469768,-0.419843888,0.859140261,0.238987277,-0.766189843,-0.074261394,-0.446734469,0.030605047,0.285327938,-0.015632857,0.089215949,0.728469768,0.859140261,-0.766189843,0.688255145,-0.063664285,0.084327389,0.325689478,1.169009096,0.262841239,0.692117774,0.789097421,-0.041827502,0.17611899,0.794601519,0.398362562,1.139857402,2.514127095,0.298117403,0.3109084,1.017699883,1.954800076
1.460217632,2.313881521,1.47422148,1.20394938,-0.040349166,0.060951966,-0.458471938,-0.35060889,0.874357903,0.777501078,1.05162645,1.172869316,-0.117025469,0.713457091,1.495289874,0.725026827,-0.102529509,-0.329516228,0.540305228,0.372732283,0.705941412,0.69053437,0.416051279,0.57525511,0.444083517,0.207351388,1.304821769,0.364759732,0.160156349,1.069997206,1.314563506,-0.215825028,-0.94873401,0.651880128,0.931016734,-0.419121025,1.425660832,0.473511301,-0.34755469,0.06038171,-0.468558529,-0.028199497,0.338751902,0.162785641,0.173559026,0.931016734,1.425660832,-0.34755469,0.714655181,0.080860149,-0.036577314,0.486433988,0.908960009,0.353506175,0.153930901,0.693264736,0.094708242,0.644962289,0.989170584,0.512290476,0.842868196,2.128749972,0.187703277,0.673068591,1.029496397,1.513563628
1.385594238,2.137046861,1.849957521,1.273180538,0.36953349,0.500402172,-0.458471938,-0.35060889,1.476336323,1.240594988,0.891779001,1.053140896,0.129153609,-0.110765193,0.606478652,0.052086927,0.011051991,-0.202390392,0.466266497,0.436949385,0.731638974,0.79199821,0.530912023,0.535240828,0.53422001,0.235137273,1.363732616,0.393382926,0.355327391,1.173445778,1.320767388,-0.215825028,-1.129299791,0.577328814,0.491506316,-0.418029685,1.448007264,0.618826563,0.5051043,0.155125637,-0.386211008,-0.170540662,0.457987629,0.51686616,0.237109616,0.491506316,1.448007264,0.5051043,0.47925567,-0.035144509,0.01204565,0.459741016,-0.056832169,0.062996336,1.006515218,0.256052718,-0.036689104,1.075016195,1.13584941,0.590852914,0.923045657,2.002702412,0.202428017,0.761782987,0.929951034,1.22150397
1.548531124,4.170645447,1.989887208,1.099308678,-0.543953898,-0.49968995,-0.458471938,-0.35060889,1.58581116,1.142197941,1.057365793,0.934203768,-0.533462541,-0.451679391,0.131928595,-0.241859597,0.17325653,-0.012500776,0.524858972,0.523797052,0.808719736,0.840958883,0.633500078,0.613825823,0.621862343,0.264139398,1.339469579,0.420663268,0.546740051,1.275121932,1.303615478,-0.215825028,-1.331775977,0.636077729,-0.349660949,-0.321900976,1.388562529,0.480842822,0.358294147,0.067903514,-0.461871923,-0.649719758,0.279121906,0.801799113,0.187645445,-0.349660949,1.388562529,0.358294147,0.474437401,0.06394621,-0.954122501,-0.116612214,0.222635393,0.139954221,-0.580789117,0.245764107,0.050873587,0.767577919,1.113713087,0.668293824,1.027290697,2.337541703,0.154585022,0.720661146,1.179997977,1.035845481
0.826030042,-0.382847038,1.509946892,0.907835867,2.397214779,2.51837986,-0.458471938,-0.35060889,1.679919158,1.22607801,0.032901247,0.511376521,1.599972341,-0.435439847,0.093469892,-0.260053877,0.251942823,-0.110014931,0.481207806,0.511045311,0.731479314,0.722383107,0.650314937,0.56554008,0.602478695,0.296118462,1.364741692,0.431613434,0.720102846,1.357875005,2.350984144,-0.215825028,0.723894238,0.588501603,-1.039459621,-0.329073232,0.641270563,0.532582363,0.510026045,-0.148620636,-0.780090423,-0.203497858,0.421468019,0.532882315,0.157692159,-1.039459621,0.641270563,0.510026045,0.414549886,0.038452644,-1.233502561,-0.408868345,-0.370410147,-0.011778723,-0.381098641,0.116451027,0.019121456,1.014475787,1.204266188,0.714437986,0.928792141,1.365719198,-0.137941098,0.7794738,0.936726219,0.427994578
0.867283442,-0.382847038,1.50619541,0.929373211,3.0317691,3.210234037,-0.458471938,-0.35060889,1.574149744,1.114791514,0.083163372,0.5572622,1.551119471,-0.251558148,0.15823483,-0.246598866,0.319635559,-0.081557899,0.41379611,0.533514686,1.046722162,0.790869078,0.712319179,0.617709583,0.647590815,0.354606863,1.139192316,0.467825853,1.119831359,1.127547055,0.420450268,-0.215825028,-1.048061395,0.60127612,-1.004016691,-0.316306438,0.805749909,0.957554747,0.242651451,-0.024947542,-0.859446096,-0.027934943,0.532267271,0.936689246,0.284004774,-1.004016691,0.805749909,0.242651451,0.605491026,0.053120412,-1.25856088,-0.432543239,-0.043765903,0.10090256,-0.412546124,0.357639829,0.037332783,1.113051368,1.248869542,0.7466342,1.029917316,1.394727995,1.035251548,0.995503464,1.073973176,0.623590831
0.559517874,-0.382847038,1.485678186,0.869336555,2.388972353,2.374959976,-0.458471938,-0.35060889,1.280076077,0.981901775,0.424782251,0.578553811,0.913806529,-0.017506104,0.073138886,-0.295741921,0.311825363,0.296199683,0.464051966,0.546845914,0.832539916,0.778472596,0.74006031,0.600022901,0.662885317,0.438733463,0.745766073,0.604359669,1.463174949,1.271282414,0.420821346,-0.215825028,1.490394794,0.617004373,0.738016511,-0.259579418,1.143047525,0.796490646,0.361071085,0.160154885,-1.063094606,-0.803149273,0.391160911,0.190511885,0.169079534,0.738016511,1.143047525,0.361071085,0.697929623,0.089959256,-1.025834494,-0.266157911,-0.480030235,0.007198519,-0.530701223,0.376774748,0.066213588,1.153417188,1.265668518,0.779236119,1.532278075,0.829147804,0.818349616,0.834848499,0.845925661,0.322090495
0.407051403,-0.382847038,1.205339342,0.747352648,3.40876616,3.228681786,-0.458471938,-0.35060889,0.979222574,0.865052814,0.269122741,0.43312589,1.246571987,0.279789955,-0.130825588,-0.381618796,0.333792089,0.174595905,0.55012324,0.489356432,0.859611605,0.696763004,0.765429747,0.690256327,0.63171093,0.526867288,0.913381806,0.946233182,1.452009941,1.402957922,2.334652046,-0.215825028,1.169654741,0.718907933,0.752624994,-0.237809667,0.260516255,0.401004955,0.511364139,0.163475143,-0.984769812,-0.693938832,0.380891506,-0.115749876,0.125710574,0.752624994,0.260516255,0.511364139,0.775598677,0.220024067,-1.223775967,-0.296360953,-0.368047448,0.019165422,-1.137677802,0.466573539,0.187372421,1.256934745,1.282889648,0.828758542,1.493712685,0.677320155,0.468909276,0.83512922,1.108788419,0.553244943
0.046777674,-0.382847038,1.368454155,0.88173285,1.886953415,1.85097728,-0.458471938,-0.35060889,0.795257318,0.755254602,0.816925324,0.710030766,0.458097577,0.120686364,-0.059354418,-0.328894588,0.522439671,0.246085387,0.673702044,0.578824474,1.231419306,0.859451837,0.842347765,0.850279195,0.729473737,0.650270391,0.957512157,1.106343249,1.777386577,1.566052159,0.750506632,-0.215825028,0.74212789,0.876622207,1.836123539,-0.183236799,0.605954963,0.673205098,1.09236929,0.4656316,-1.027838387,-0.732945798,0.496847235,0.439679112,0.345274085,1.836123539,0.605954963,1.09236929,0.659893431,0.248756411,-1.274316731,-0.389073893,-0.451093109,0.012403536,-1.367905506,0.323822744,0.212204559,1.191484375,1.236106795,0.900552317,1.173959518,0.210127393,-0.040934705,0.845501949,0.86157097,0.426690456
-0.218156452,-0.382847038,0.212064575,0.345995086,2.09852716,2.118290909,-0.458471938,-0.35060889,0.986635555,0.758027096,-0.909223441,0.041230405,0.544508213,2.666299567,-0.20246607,-0.348175485,0.686777972,0.052861976,0.900073485,0.601238905,1.199174456,0.688276333,0.735385835,0.990416475,0.671409002,0.775834581,0.978854151,1.697505011,1.772676609,1.660713368,2.341155248,-0.215825028,1.588080655,1.032572798,-1.52485533,-0.172759243,1.513433724,0.862452035,1.50508567,0.354952967,-0.79667262,0.774583202,0.793452683,1.215188175,0.413855201,-1.52485533,1.513433724,1.50508567,0.69517289,0.079665681,-1.07447285,-0.339489841,-0.639691415,-0.069693662,0.543131302,0.358199546,0.054041192,1.154106999,1.195452434,0.977646227,0.895297575,-0.080142983,-0.124618823,0.643328845,1.140132886,0.631287441
-0.004446119,-0.382847038,0.449774629,0.396529391,0.08015194,0.100343513,-0.458471938,-0.35060889,1.170962327,0.946216764,-0.595381577,0.120490907,-0.253329706,1.190623141,-0.157447156,-0.282637798,0.76073628,-0.040669653,0.789824481,0.549860433,1.334387145,0.766959215,0.754971214,0.964153101,0.667389265,0.939040219,1.011749183,1.153036452,1.208944736,0.677752308,2.071031409,-0.215825028,0.715387816,1.040560097,-1.340447785,-0.099753891,0.378579502,0.523634835,1.065874958,0.163171809,-0.407442243,0.709162578,0.770520025,1.085315218,0.342791541,-1.340447785,0.378579502,1.065874958,0.795801594,0.311664533,-1.100257918,-0.23096708,-0.069590377,0.176530599,0.20359728,0.538242044,0.28516325,1.130553537,1.148469303,1.056255997,0.982524359,0.216880165,-0.127053455,0.89675933,1.047622052,0.437057342
0.182752557,-0.382847038,0.482337727,0.334733328,-0.002301297,0.000265236,-0.458471938,-0.35060889,1.166352027,0.885185812,-0.53966629,0.073024156,-0.313505144,4.84466977,1.65878449,2.359283471,1.015397886,0.150302193,0.927919892,0.744083243,1.428251014,1.008266681,0.896538716,1.115307577,0.851749349,1.118497567,0.877171331,1.196927655,1.380969459,0.722011287,1.429051612,-0.215825028,0.464118298,1.183054554,-1.361363332,0.059265248,0.090727011,0.94862587,1.067402486,0.941571715,-0.533635852,-0.619405425,1.031546093,1.340480697,1.214864195,-1.361363332,0.090727011,1.067402486,1.039777545,0.709030904,-1.014271831,0.186979026,-0.140897549,0.614424518,0.130731148,0.785815318,0.689497962,1.119139466,1.074121305,1.132353164,1.388201991,0.437256802,0.523645362,1.044342779,1.165669523,0.631707196
0.163533027,-0.382847038,0.330049338,0.139143473,-0.547388778,-0.503252274,-0.458471938,-0.35060889,1.079748485,0.51170976,-0.599501018,-0.000500339,-0.536128144,1.341696566,0.723783945,1.617341337,1.222648884,0.447528581,1.178459131,1.283202693,1.31933051,1.636357031,1.051648979,1.175950348,1.267092117,1.15318888,0.885491642,1.545155381,1.478896247,0.835231933,-0.583459521,-0.215825028,-0.787000717,1.159059586,-0.788939661,0.187760538,0.408267625,1.468515276,0.539257061,1.074791879,-0.421644535,-0.194155679,1.633849595,1.531050535,2.115490601,-0.788939661,0.408267625,0.539257061,0.951638777,0.617322066,-1.161726939,-0.084694565,0.888764351,0.906492175,-0.924832587,0.847001112,0.616482183,1.341274556,1.070085851,1.207250274,1.000108656,0.350716734,0.645911254,1.058566884,1.035729208,0.480044871
0.326581303,-0.382847038,0.482216285,0.512853311,-0.546873508,-0.502773662,-0.458471938,-0.35060889,1.24102271,1.601076172,-0.564120711,0.039679817,-0.535872566,-0.154096139,0.117641348,-0.088450978,0.957615549,0.430143518,1.231384549,1.570825303,0.067325402,1.044837322,1.170294061,0.970418813,1.349295111,1.233095496,1.009940934,1.595938591,1.478896247,0.845524719,-0.583459521,-0.215825028,-0.266647319,0.941543206,-1.083590109,-0.001412253,0.255407962,0.456800736,1.039726395,0.718513055,-0.511039695,-0.190860173,0.69951615,0.883183989,0.596777999,-1.083590109,0.255407962,1.039726395,1.224723103,0.570517405,-1.326622146,-0.297051766,0.530382509,0.792136654,-0.860828168,1.048813718,0.560749955,1.355417185,1.025406413,1.266572313,1.180111703,0.519439256,0.955123021,1.188781359,1.112620118,0.742379807
1.08828073,-0.382847038,0.444302584,0.489854352,-0.542899102,-0.499041704,-0.458471938,-0.35060889,1.134259557,1.3592282,-0.505816338,0.104066611,-0.533863839,-0.461524197,1.050155052,1.113478853,1.795586619,1.533561499,1.251634002,1.482174181,0.192684131,1.079064447,1.263132189,1.101613291,1.350036601,1.357994608,1.002893714,1.763974756,0.816879337,0.911651649,-0.353433723,-0.215825028,0.281345736,1.038335273,-1.162256177,0.257147451,0.133480494,0.996516082,1.308870789,1.646952785,-0.646640036,-0.399133374,1.197224557,0.877895466,1.256787233,-1.162256177,0.133480494,1.308870789,1.452346044,1.002550059,-1.287941892,-0.009176953,-0.148405883,0.657456413,0.444997012,1.189613047,0.967006183,1.287324464,0.984969383,1.323250509,1.413777965,0.326464266,1.143679945,1.25120551,1.192249176,0.706410912
1.589898127,-0.382847038,0.405054725,0.604438271,-0.364662132,-0.324863456,-0.458471938,-0.35060889,1.208391763,1.653021258,-0.648940959,0.124202415,-0.469060674,-0.383054439,-0.229724579,-0.108788032,2.147365416,2.084146733,1.565220256,1.515787584,0.098541693,0.933765122,1.269654124,1.245859631,1.345345392,1.543771042,0.976945716,1.773377521,1.007813625,0.868681429,-0.582622261,-0.215825028,-0.0169862,1.201425677,0.030231884,0.49937692,0.103144121,1.116532157,1.710523334,2.149680463,-0.755932505,-0.167805085,1.471080994,1.359760561,1.622189255,0.030231884,0.103144121,1.710523334,1.322841201,1.371935785,-1.147418881,0.547086517,0.112246926,1.254379448,1.531409066,1.109070125,1.358306719,1.387264543,1.008164907,1.369609511,1.433408812,0.339312161,1.419893865,1.419575629,0.83164485,0.464908832
1.524680363,-0.382847038,0.300804096,0.668613493,-0.100419804,0.023917127,-0.458471938,-0.35060889,1.041819092,0.858861775,-0.640110689,0.493682914,-0.407760237,-0.094018749,1.713855136,2.381076172,1.939722438,1.96635279,1.518313491,1.546917414,0.221284288,1.07966525,1.400310719,1.282287699,1.432728412,1.746130888,0.960368902,1.867564379,1.246481477,0.912701307,0.749731792,-0.215825028,0.515652077,1.189985887,0.899402954,2.427015944,0.154482561,1.705542428,1.335254431,2.664041401,-0.771366092,-0.607807545,1.843376884,0.83607723,2.107440388,0.899402954,0.154482561,1.335254431,1.464866477,1.910309821,-1.17908069,0.874338201,-0.048840042,1.559726957,2.334185262,1.236720957,1.890307706,1.249161147,0.984009497,1.405328749,1.116089963,0.049142579,1.814446985,1.391924053,1.233900439,0.655927543
1.396892797,-0.382847038,0.27235504,0.948551153,-0.515008623,-0.459989426,-0.458471938,-0.35060889,1.152892685,1.266859833,-0.752105187,0.700048155,-0.525590511,1.354588771,0.507301504,0.983057623,2.057279569,1.953692166,1.642224068,1.861743054,0.285508375,1.263680114,1.925750576,1.424967238,1.80778466,1.928379222,0.907115095,1.674707267,1.294215057,0.960444292,1.218897405,-0.215825028,1.305997388,1.287625822,0.068177916,2.272850607,0.417463837,1.774591448,1.110348354,2.195883069,-0.788762972,-0.477696105,1.879468606,1.073271898,1.926143115,0.068177916,0.417463837,1.110348354,1.555911604,2.354354426,-1.421953013,0.647839961,-0.268719728,1.792450341,1.500492282,1.277639732,2.317720933,1.069776461,1.077812293,1.43249453,1.298409221,-0.128163565,2.066650677,1.692191505,0.948437336,0.461698589
1.52236202,-0.382847038,0.235762754,1.29338611,-0.547937598,-0.503743002,-0.458471938,-0.35060889,1.28279964,1.626813915,-0.92864703,0.986402708,-0.536352185,0.589495314,1.788800359,2.801393337,1.945970802,2.75348913,1.723679735,1.903932827,0.246673942,1.205463436,1.921944416,1.445878169,1.818033956,2.064053615,0.929306705,1.48799681,1.437415765,1.096112989,2.668380361,-0.215825028,-0.726134356,1.299132197,0.801327409,2.501095106,0.511857231,1.787750748,1.096571031,2.12352404,-0.862815173,-0.549848554,1.824293277,1.289879125,1.959429324,0.801327409,0.511857231,1.096571031,1.625060976,2.635396135,-1.294827058,1.08246185,-0.430455404,1.808840138,1.549413001,1.327489306,2.589288513,1.303055868,1.276331869,1.46913813,1.081840967,-0.156753147,3.712441926,2.041750791,1.220679116,0.756135329
1.587083396,-0.382847038,-0.005718388,1.369349518,-0.547937598,-0.503743002,-0.458471938,-0.35060889,1.307362797,2.10807223,-1.269317069,0.894930139,-0.536352185,2.222372956,1.59712273,2.548409432,2.018715879,2.738599222,1.768367128,1.869692238,0.28897239,1.247667799,1.857693103,1.510104417,1.784792629,2.13731782,0.904053556,1.131393482,1.526902977,1.559464879,-0.583459521,-0.215825028,-1.044544834,1.3555236,0.741954528,4.134590881,0.608477278,2.252940756,1.116073567,2.577677992,-0.914218027,-0.467860829,2.119602969,1.402143844,2.472673873,0.741954528,0.608477278,1.116073567,1.350282023,3.233393787,-0.973254933,2.594455721,-0.935629024,2.451573027,2.850512432,0.989702396,3.213531069,1.731862592,1.581336292,1.523247477,1.096124003,-0.118110568,1.780032223,1.931334537,0.987665036,0.599673773
1.506212154,-0.382847038,-0.75215937,0.856959136,-0.547937598,-0.503743002,-0.458471938,-0.35060889,1.077273837,1.853272233,-2.012038007,0.364710206,-0.536352185,0.761305895,0.556883807,0.52063641,1.932200536,2.763267689,1.637218776,1.980620578,0.014771658,1.09089524,2.013688164,1.369676306,1.869600239,2.068553367,0.874756895,1.203821584,1.153628554,1.898994451,-0.504388468,-0.215825028,-0.705665408,1.137950847,0.725915991,3.015196571,0.514369824,1.020928389,0.98821684,1.146112922,-1.052787785,-0.628574102,1.189559975,1.124543091,1.077617058,0.725915991,0.514369824,0.98821684,1.200448652,1.933354331,-0.723968749,1.741341137,-1.372821163,1.294550641,2.791608431,0.779256688,1.913772499,1.619625732,1.761033133,1.576973709,1.120643004,-0.105847038,1.64205203,2.134452002,0.940153685,0.747486908
